date,weekday,is_weekend,is_holiday,is_promo
2021-01-01,Friday,False,True,0
2021-01-02,Saturday,True,False,0
2021-01-03,Sunday,True,False,0
2021-01-04,Monday,False,False,0
2021-01-05,Tuesday,False,False,1
2021-01-06,Wednesday,False,False,0
2021-01-07,Thursday,False,False,0
2021-01-08,Friday,False,False,0
2021-01-09,Saturday,True,False,0
2021-01-10,Sunday,True,False,0
2021-01-11,Monday,False,False,0
2021-01-12,Tuesday,False,False,0
2021-01-13,Wednesday,False,False,0
2021-01-14,Thursday,False,False,1
2021-01-15,Friday,False,False,0
2021-01-16,Saturday,True,False,0
2021-01-17,Sunday,True,False,0
2021-01-18,Monday,False,False,1
2021-01-19,Tuesday,False,False,0
2021-01-20,Wednesday,False,False,0
2021-01-21,Thursday,False,False,0
2021-01-22,Friday,False,False,0
2021-01-23,Saturday,True,False,0
2021-01-24,Sunday,True,False,0
2021-01-25,Monday,False,False,0
2021-01-26,Tuesday,False,False,0
2021-01-27,Wednesday,False,False,0
2021-01-28,Thursday,False,False,1
2021-01-29,Friday,False,False,0
2021-01-30,Saturday,True,False,0
2021-01-31,Sunday,True,False,0
2021-02-01,Monday,False,False,0
2021-02-02,Tuesday,False,False,1
2021-02-03,Wednesday,False,False,0
2021-02-04,Thursday,False,False,0
2021-02-05,Friday,False,False,1
2021-02-06,Saturday,True,False,0
2021-02-07,Sunday,True,False,1
2021-02-08,Monday,False,False,0
2021-02-09,Tuesday,False,False,0
2021-02-10,Wednesday,False,False,0
2021-02-11,Thursday,False,False,0
2021-02-12,Friday,False,False,0
2021-02-13,Saturday,True,False,0
2021-02-14,Sunday,True,False,0
2021-02-15,Monday,False,False,0
2021-02-16,Tuesday,False,False,0
2021-02-17,Wednesday,False,False,0
2021-02-18,Thursday,False,False,0
2021-02-19,Friday,False,False,1
2021-02-20,Saturday,True,False,0
2021-02-21,Sunday,True,False,0
2021-02-22,Monday,False,False,0
2021-02-23,Tuesday,False,False,0
2021-02-24,Wednesday,False,False,0
2021-02-25,Thursday,False,False,0
2021-02-26,Friday,False,False,0
2021-02-27,Saturday,True,False,0
2021-02-28,Sunday,True,False,0
2021-03-01,Monday,False,False,0
2021-03-02,Tuesday,False,False,1
2021-03-03,Wednesday,False,False,0
2021-03-04,Thursday,False,False,0
2021-03-05,Friday,False,False,0
2021-03-06,Saturday,True,False,0
2021-03-07,Sunday,True,False,0
2021-03-08,Monday,False,False,0
2021-03-09,Tuesday,False,False,0
2021-03-10,Wednesday,False,False,1
2021-03-11,Thursday,False,False,0
2021-03-12,Friday,False,False,0
2021-03-13,Saturday,True,False,0
2021-03-14,Sunday,True,False,0
2021-03-15,Monday,False,False,0
2021-03-16,Tuesday,False,False,0
2021-03-17,Wednesday,False,False,1
2021-03-18,Thursday,False,False,1
2021-03-19,Friday,False,False,0
2021-03-20,Saturday,True,False,0
2021-03-21,Sunday,True,False,1
2021-03-22,Monday,False,False,0
2021-03-23,Tuesday,False,False,0
2021-03-24,Wednesday,False,False,0
2021-03-25,Thursday,False,False,0
2021-03-26,Friday,False,False,0
2021-03-27,Saturday,True,False,0
2021-03-28,Sunday,True,False,1
2021-03-29,Monday,False,False,0
2021-03-30,Tuesday,False,False,1
2021-03-31,Wednesday,False,False,0
2021-04-01,Thursday,False,False,0
2021-04-02,Friday,False,False,0
2021-04-03,Saturday,True,False,0
2021-04-04,Sunday,True,False,0
2021-04-05,Monday,False,False,0
2021-04-06,Tuesday,False,False,0
2021-04-07,Wednesday,False,False,0
2021-04-08,Thursday,False,False,0
2021-04-09,Friday,False,False,0
2021-04-10,Saturday,True,False,1
2021-04-11,Sunday,True,False,0
2021-04-12,Monday,False,False,0
2021-04-13,Tuesday,False,False,0
2021-04-14,Wednesday,False,False,0
2021-04-15,Thursday,False,False,0
2021-04-16,Friday,False,False,0
2021-04-17,Saturday,True,False,0
2021-04-18,Sunday,True,False,0
2021-04-19,Monday,False,False,0
2021-04-20,Tuesday,False,False,0
2021-04-21,Wednesday,False,False,0
2021-04-22,Thursday,False,False,0
2021-04-23,Friday,False,False,0
2021-04-24,Saturday,True,False,0
2021-04-25,Sunday,True,False,0
2021-04-26,Monday,False,False,0
2021-04-27,Tuesday,False,False,0
2021-04-28,Wednesday,False,False,0
2021-04-29,Thursday,False,False,0
2021-04-30,Friday,False,False,0
2021-05-01,Saturday,True,False,0
2021-05-02,Sunday,True,False,0
2021-05-03,Monday,False,False,0
2021-05-04,Tuesday,False,False,0
2021-05-05,Wednesday,False,False,0
2021-05-06,Thursday,False,False,0
2021-05-07,Friday,False,False,0
2021-05-08,Saturday,True,False,0
2021-05-09,Sunday,True,False,0
2021-05-10,Monday,False,False,1
2021-05-11,Tuesday,False,False,0
2021-05-12,Wednesday,False,False,1
2021-05-13,Thursday,False,False,0
2021-05-14,Friday,False,False,0
2021-05-15,Saturday,True,False,0
2021-05-16,Sunday,True,False,0
2021-05-17,Monday,False,False,0
2021-05-18,Tuesday,False,False,0
2021-05-19,Wednesday,False,False,0
2021-05-20,Thursday,False,False,0
2021-05-21,Friday,False,False,0
2021-05-22,Saturday,True,False,0
2021-05-23,Sunday,True,False,1
2021-05-24,Monday,False,False,0
2021-05-25,Tuesday,False,False,0
2021-05-26,Wednesday,False,False,0
2021-05-27,Thursday,False,False,0
2021-05-28,Friday,False,False,0
2021-05-29,Saturday,True,False,0
2021-05-30,Sunday,True,False,0
2021-05-31,Monday,False,False,0
2021-06-01,Tuesday,False,False,0
2021-06-02,Wednesday,False,False,0
2021-06-03,Thursday,False,False,0
2021-06-04,Friday,False,False,1
2021-06-05,Saturday,True,False,1
2021-06-06,Sunday,True,False,0
2021-06-07,Monday,False,False,0
2021-06-08,Tuesday,False,False,0
2021-06-09,Wednesday,False,False,0
2021-06-10,Thursday,False,False,0
2021-06-11,Friday,False,False,0
2021-06-12,Saturday,True,False,0
2021-06-13,Sunday,True,False,0
2021-06-14,Monday,False,False,0
2021-06-15,Tuesday,False,False,0
2021-06-16,Wednesday,False,False,0
2021-06-17,Thursday,False,False,0
2021-06-18,Friday,False,False,0
2021-06-19,Saturday,True,False,0
2021-06-20,Sunday,True,False,0
2021-06-21,Monday,False,False,0
2021-06-22,Tuesday,False,False,0
2021-06-23,Wednesday,False,False,0
2021-06-24,Thursday,False,False,0
2021-06-25,Friday,False,False,0
2021-06-26,Saturday,True,False,0
2021-06-27,Sunday,True,False,0
2021-06-28,Monday,False,False,0
2021-06-29,Tuesday,False,False,0
2021-06-30,Wednesday,False,False,0
2021-07-01,Thursday,False,False,0
2021-07-02,Friday,False,False,0
2021-07-03,Saturday,True,False,0
2021-07-04,Sunday,True,False,0
2021-07-05,Monday,False,False,1
2021-07-06,Tuesday,False,False,0
2021-07-07,Wednesday,False,False,0
2021-07-08,Thursday,False,False,0
2021-07-09,Friday,False,False,0
2021-07-10,Saturday,True,False,0
2021-07-11,Sunday,True,False,1
2021-07-12,Monday,False,False,0
2021-07-13,Tuesday,False,False,0
2021-07-14,Wednesday,False,False,0
2021-07-15,Thursday,False,False,0
2021-07-16,Friday,False,False,1
2021-07-17,Saturday,True,False,0
2021-07-18,Sunday,True,False,0
2021-07-19,Monday,False,False,0
2021-07-20,Tuesday,False,False,0
2021-07-21,Wednesday,False,False,0
2021-07-22,Thursday,False,False,1
2021-07-23,Friday,False,False,0
2021-07-24,Saturday,True,False,0
2021-07-25,Sunday,True,False,0
2021-07-26,Monday,False,False,0
2021-07-27,Tuesday,False,False,0
2021-07-28,Wednesday,False,False,0
2021-07-29,Thursday,False,False,1
2021-07-30,Friday,False,False,0
2021-07-31,Saturday,True,False,0
2021-08-01,Sunday,True,False,0
2021-08-02,Monday,False,False,0
2021-08-03,Tuesday,False,False,1
2021-08-04,Wednesday,False,False,0
2021-08-05,Thursday,False,False,0
2021-08-06,Friday,False,False,0
2021-08-07,Saturday,True,False,0
2021-08-08,Sunday,True,False,0
2021-08-09,Monday,False,False,0
2021-08-10,Tuesday,False,False,0
2021-08-11,Wednesday,False,False,0
2021-08-12,Thursday,False,False,0
2021-08-13,Friday,False,False,0
2021-08-14,Saturday,True,False,0
2021-08-15,Sunday,True,False,0
2021-08-16,Monday,False,False,1
2021-08-17,Tuesday,False,False,1
2021-08-18,Wednesday,False,False,1
2021-08-19,Thursday,False,False,0
2021-08-20,Friday,False,False,0
2021-08-21,Saturday,True,False,0
2021-08-22,Sunday,True,False,0
2021-08-23,Monday,False,False,0
2021-08-24,Tuesday,False,False,0
2021-08-25,Wednesday,False,False,0
2021-08-26,Thursday,False,False,0
2021-08-27,Friday,False,False,0
2021-08-28,Saturday,True,False,0
2021-08-29,Sunday,True,False,0
2021-08-30,Monday,False,False,0
2021-08-31,Tuesday,False,False,0
2021-09-01,Wednesday,False,False,0
2021-09-02,Thursday,False,False,0
2021-09-03,Friday,False,False,0
2021-09-04,Saturday,True,False,0
2021-09-05,Sunday,True,False,0
2021-09-06,Monday,False,False,0
2021-09-07,Tuesday,False,False,0
2021-09-08,Wednesday,False,False,1
2021-09-09,Thursday,False,False,0
2021-09-10,Friday,False,False,0
2021-09-11,Saturday,True,False,0
2021-09-12,Sunday,True,False,0
2021-09-13,Monday,False,False,0
2021-09-14,Tuesday,False,False,0
2021-09-15,Wednesday,False,False,0
2021-09-16,Thursday,False,False,0
2021-09-17,Friday,False,False,0
2021-09-18,Saturday,True,False,1
2021-09-19,Sunday,True,False,0
2021-09-20,Monday,False,False,0
2021-09-21,Tuesday,False,False,1
2021-09-22,Wednesday,False,False,0
2021-09-23,Thursday,False,False,0
2021-09-24,Friday,False,False,0
2021-09-25,Saturday,True,False,0
2021-09-26,Sunday,True,False,0
2021-09-27,Monday,False,False,1
2021-09-28,Tuesday,False,False,0
2021-09-29,Wednesday,False,False,0
2021-09-30,Thursday,False,False,0
2021-10-01,Friday,False,False,0
2021-10-02,Saturday,True,False,0
2021-10-03,Sunday,True,False,0
2021-10-04,Monday,False,False,0
2021-10-05,Tuesday,False,False,0
2021-10-06,Wednesday,False,False,0
2021-10-07,Thursday,False,False,0
2021-10-08,Friday,False,False,0
2021-10-09,Saturday,True,False,0
2021-10-10,Sunday,True,False,0
2021-10-11,Monday,False,False,0
2021-10-12,Tuesday,False,False,0
2021-10-13,Wednesday,False,False,0
2021-10-14,Thursday,False,False,0
2021-10-15,Friday,False,False,0
2021-10-16,Saturday,True,False,0
2021-10-17,Sunday,True,False,0
2021-10-18,Monday,False,False,0
2021-10-19,Tuesday,False,False,0
2021-10-20,Wednesday,False,False,0
2021-10-21,Thursday,False,False,0
2021-10-22,Friday,False,False,0
2021-10-23,Saturday,True,False,0
2021-10-24,Sunday,True,False,0
2021-10-25,Monday,False,False,0
2021-10-26,Tuesday,False,False,0
2021-10-27,Wednesday,False,False,0
2021-10-28,Thursday,False,False,0
2021-10-29,Friday,False,False,0
2021-10-30,Saturday,True,False,0
2021-10-31,Sunday,True,False,1
2021-11-01,Monday,False,False,1
2021-11-02,Tuesday,False,False,0
2021-11-03,Wednesday,False,False,0
2021-11-04,Thursday,False,False,0
2021-11-05,Friday,False,False,0
2021-11-06,Saturday,True,False,0
2021-11-07,Sunday,True,False,0
2021-11-08,Monday,False,False,0
2021-11-09,Tuesday,False,False,0
2021-11-10,Wednesday,False,False,0
2021-11-11,Thursday,False,False,0
2021-11-12,Friday,False,False,0
2021-11-13,Saturday,True,False,0
2021-11-14,Sunday,True,False,1
2021-11-15,Monday,False,False,1
2021-11-16,Tuesday,False,False,0
2021-11-17,Wednesday,False,False,1
2021-11-18,Thursday,False,False,0
2021-11-19,Friday,False,False,0
2021-11-20,Saturday,True,False,0
2021-11-21,Sunday,True,False,0
2021-11-22,Monday,False,False,0
2021-11-23,Tuesday,False,False,0
2021-11-24,Wednesday,False,False,1
2021-11-25,Thursday,False,False,0
2021-11-26,Friday,False,False,0
2021-11-27,Saturday,True,False,0
2021-11-28,Sunday,True,False,0
2021-11-29,Monday,False,False,0
2021-11-30,Tuesday,False,False,0
2021-12-01,Wednesday,False,False,0
2021-12-02,Thursday,False,False,0
2021-12-03,Friday,False,False,0
2021-12-04,Saturday,True,False,0
2021-12-05,Sunday,True,False,0
2021-12-06,Monday,False,False,1
2021-12-07,Tuesday,False,False,0
2021-12-08,Wednesday,False,False,1
2021-12-09,Thursday,False,False,1
2021-12-10,Friday,False,False,0
2021-12-11,Saturday,True,False,0
2021-12-12,Sunday,True,False,0
2021-12-13,Monday,False,False,1
2021-12-14,Tuesday,False,False,0
2021-12-15,Wednesday,False,False,0
2021-12-16,Thursday,False,False,1
2021-12-17,Friday,False,False,1
2021-12-18,Saturday,True,False,0
2021-12-19,Sunday,True,False,0
2021-12-20,Monday,False,False,0
2021-12-21,Tuesday,False,False,0
2021-12-22,Wednesday,False,False,0
2021-12-23,Thursday,False,False,0
2021-12-24,Friday,False,False,0
2021-12-25,Saturday,True,False,0
2021-12-26,Sunday,True,False,0
2021-12-27,Monday,False,False,0
2021-12-28,Tuesday,False,False,0
2021-12-29,Wednesday,False,False,0
2021-12-30,Thursday,False,False,0
2021-12-31,Friday,False,False,0
2022-01-01,Saturday,True,False,0
2022-01-02,Sunday,True,False,0
2022-01-03,Monday,False,False,0
2022-01-04,Tuesday,False,False,0
2022-01-05,Wednesday,False,False,0
2022-01-06,Thursday,False,False,0
2022-01-07,Friday,False,False,0
2022-01-08,Saturday,True,False,1
2022-01-09,Sunday,True,False,0
2022-01-10,Monday,False,False,0
2022-01-11,Tuesday,False,False,1
2022-01-12,Wednesday,False,False,0
2022-01-13,Thursday,False,False,0
2022-01-14,Friday,False,False,0
2022-01-15,Saturday,True,False,0
2022-01-16,Sunday,True,False,0
2022-01-17,Monday,False,False,0
2022-01-18,Tuesday,False,False,0
2022-01-19,Wednesday,False,False,0
2022-01-20,Thursday,False,False,0
2022-01-21,Friday,False,False,0
2022-01-22,Saturday,True,False,0
2022-01-23,Sunday,True,False,0
2022-01-24,Monday,False,False,0
2022-01-25,Tuesday,False,False,0
2022-01-26,Wednesday,False,False,1
2022-01-27,Thursday,False,False,1
2022-01-28,Friday,False,False,0
2022-01-29,Saturday,True,False,0
2022-01-30,Sunday,True,False,0
2022-01-31,Monday,False,False,0
2022-02-01,Tuesday,False,False,0
2022-02-02,Wednesday,False,False,0
2022-02-03,Thursday,False,False,0
2022-02-04,Friday,False,False,0
2022-02-05,Saturday,True,False,0
2022-02-06,Sunday,True,False,0
2022-02-07,Monday,False,False,0
2022-02-08,Tuesday,False,False,0
2022-02-09,Wednesday,False,False,1
2022-02-10,Thursday,False,False,0
2022-02-11,Friday,False,False,0
2022-02-12,Saturday,True,False,0
2022-02-13,Sunday,True,False,0
2022-02-14,Monday,False,False,0
2022-02-15,Tuesday,False,False,0
2022-02-16,Wednesday,False,False,0
2022-02-17,Thursday,False,False,0
2022-02-18,Friday,False,False,0
2022-02-19,Saturday,True,False,0
2022-02-20,Sunday,True,False,0
2022-02-21,Monday,False,False,0
2022-02-22,Tuesday,False,False,0
2022-02-23,Wednesday,False,False,0
2022-02-24,Thursday,False,False,0
2022-02-25,Friday,False,False,0
2022-02-26,Saturday,True,False,0
2022-02-27,Sunday,True,False,0
2022-02-28,Monday,False,False,0
2022-03-01,Tuesday,False,False,0
2022-03-02,Wednesday,False,False,0
2022-03-03,Thursday,False,False,0
2022-03-04,Friday,False,False,0
2022-03-05,Saturday,True,False,0
2022-03-06,Sunday,True,False,0
2022-03-07,Monday,False,False,0
2022-03-08,Tuesday,False,False,0
2022-03-09,Wednesday,False,False,0
2022-03-10,Thursday,False,False,0
2022-03-11,Friday,False,False,0
2022-03-12,Saturday,True,False,0
2022-03-13,Sunday,True,False,0
2022-03-14,Monday,False,False,0
2022-03-15,Tuesday,False,False,0
2022-03-16,Wednesday,False,False,0
2022-03-17,Thursday,False,False,0
2022-03-18,Friday,False,False,0
2022-03-19,Saturday,True,False,1
2022-03-20,Sunday,True,False,0
2022-03-21,Monday,False,False,0
2022-03-22,Tuesday,False,False,0
2022-03-23,Wednesday,False,False,0
2022-03-24,Thursday,False,False,0
2022-03-25,Friday,False,False,0
2022-03-26,Saturday,True,False,0
2022-03-27,Sunday,True,False,0
2022-03-28,Monday,False,False,1
2022-03-29,Tuesday,False,False,0
2022-03-30,Wednesday,False,False,0
2022-03-31,Thursday,False,False,1
2022-04-01,Friday,False,False,0
2022-04-02,Saturday,True,False,0
2022-04-03,Sunday,True,False,0
2022-04-04,Monday,False,False,0
2022-04-05,Tuesday,False,False,0
2022-04-06,Wednesday,False,False,0
2022-04-07,Thursday,False,False,0
2022-04-08,Friday,False,False,0
2022-04-09,Saturday,True,False,0
2022-04-10,Sunday,True,False,0
2022-04-11,Monday,False,False,0
2022-04-12,Tuesday,False,False,0
2022-04-13,Wednesday,False,False,0
2022-04-14,Thursday,False,False,0
2022-04-15,Friday,False,False,0
2022-04-16,Saturday,True,False,0
2022-04-17,Sunday,True,False,0
2022-04-18,Monday,False,False,0
2022-04-19,Tuesday,False,False,0
2022-04-20,Wednesday,False,False,1
2022-04-21,Thursday,False,False,0
2022-04-22,Friday,False,False,0
2022-04-23,Saturday,True,False,0
2022-04-24,Sunday,True,False,0
2022-04-25,Monday,False,False,0
2022-04-26,Tuesday,False,False,0
2022-04-27,Wednesday,False,False,0
2022-04-28,Thursday,False,False,0
2022-04-29,Friday,False,False,0
2022-04-30,Saturday,True,False,0
2022-05-01,Sunday,True,False,0
2022-05-02,Monday,False,False,0
2022-05-03,Tuesday,False,False,1
2022-05-04,Wednesday,False,False,0
2022-05-05,Thursday,False,False,0
2022-05-06,Friday,False,False,0
2022-05-07,Saturday,True,False,1
2022-05-08,Sunday,True,False,0
2022-05-09,Monday,False,False,0
2022-05-10,Tuesday,False,False,0
2022-05-11,Wednesday,False,False,0
2022-05-12,Thursday,False,False,1
2022-05-13,Friday,False,False,0
2022-05-14,Saturday,True,False,0
2022-05-15,Sunday,True,False,0
2022-05-16,Monday,False,False,0
2022-05-17,Tuesday,False,False,0
2022-05-18,Wednesday,False,False,0
2022-05-19,Thursday,False,False,0
2022-05-20,Friday,False,False,0
2022-05-21,Saturday,True,False,0
2022-05-22,Sunday,True,False,0
2022-05-23,Monday,False,False,0
2022-05-24,Tuesday,False,False,0
2022-05-25,Wednesday,False,False,0
2022-05-26,Thursday,False,False,0
2022-05-27,Friday,False,False,0
2022-05-28,Saturday,True,False,0
2022-05-29,Sunday,True,False,0
2022-05-30,Monday,False,False,0
2022-05-31,Tuesday,False,False,0
2022-06-01,Wednesday,False,False,0
2022-06-02,Thursday,False,False,0
2022-06-03,Friday,False,False,1
2022-06-04,Saturday,True,False,0
2022-06-05,Sunday,True,False,0
2022-06-06,Monday,False,False,0
2022-06-07,Tuesday,False,False,0
2022-06-08,Wednesday,False,False,0
2022-06-09,Thursday,False,False,0
2022-06-10,Friday,False,False,1
2022-06-11,Saturday,True,False,0
2022-06-12,Sunday,True,False,0
2022-06-13,Monday,False,False,1
2022-06-14,Tuesday,False,False,0
2022-06-15,Wednesday,False,False,0
2022-06-16,Thursday,False,False,0
2022-06-17,Friday,False,False,0
2022-06-18,Saturday,True,False,0
2022-06-19,Sunday,True,False,0
2022-06-20,Monday,False,False,0
2022-06-21,Tuesday,False,False,0
2022-06-22,Wednesday,False,False,0
2022-06-23,Thursday,False,False,0
2022-06-24,Friday,False,False,0
2022-06-25,Saturday,True,False,0
2022-06-26,Sunday,True,False,0
2022-06-27,Monday,False,False,0
2022-06-28,Tuesday,False,False,0
2022-06-29,Wednesday,False,False,0
2022-06-30,Thursday,False,False,0
2022-07-01,Friday,False,False,0
2022-07-02,Saturday,True,False,0
2022-07-03,Sunday,True,False,0
2022-07-04,Monday,False,False,0
2022-07-05,Tuesday,False,False,0
2022-07-06,Wednesday,False,False,0
2022-07-07,Thursday,False,False,0
2022-07-08,Friday,False,False,0
2022-07-09,Saturday,True,False,0
2022-07-10,Sunday,True,False,0
2022-07-11,Monday,False,False,0
2022-07-12,Tuesday,False,False,0
2022-07-13,Wednesday,False,False,0
2022-07-14,Thursday,False,False,0
2022-07-15,Friday,False,False,0
2022-07-16,Saturday,True,False,0
2022-07-17,Sunday,True,False,0
2022-07-18,Monday,False,False,0
2022-07-19,Tuesday,False,False,0
2022-07-20,Wednesday,False,False,1
2022-07-21,Thursday,False,False,0
2022-07-22,Friday,False,False,0
2022-07-23,Saturday,True,False,1
2022-07-24,Sunday,True,False,0
2022-07-25,Monday,False,False,0
2022-07-26,Tuesday,False,False,0
2022-07-27,Wednesday,False,False,1
2022-07-28,Thursday,False,False,0
2022-07-29,Friday,False,False,0
2022-07-30,Saturday,True,False,0
2022-07-31,Sunday,True,False,0
2022-08-01,Monday,False,False,0
2022-08-02,Tuesday,False,False,0
2022-08-03,Wednesday,False,False,1
2022-08-04,Thursday,False,False,0
2022-08-05,Friday,False,False,0
2022-08-06,Saturday,True,False,0
2022-08-07,Sunday,True,False,0
2022-08-08,Monday,False,False,1
2022-08-09,Tuesday,False,False,0
2022-08-10,Wednesday,False,False,0
2022-08-11,Thursday,False,False,0
2022-08-12,Friday,False,False,1
2022-08-13,Saturday,True,False,1
2022-08-14,Sunday,True,False,0
2022-08-15,Monday,False,False,0
2022-08-16,Tuesday,False,False,0
2022-08-17,Wednesday,False,False,0
2022-08-18,Thursday,False,False,0
2022-08-19,Friday,False,False,0
2022-08-20,Saturday,True,False,1
2022-08-21,Sunday,True,False,0
2022-08-22,Monday,False,False,0
2022-08-23,Tuesday,False,False,0
2022-08-24,Wednesday,False,False,0
2022-08-25,Thursday,False,False,0
2022-08-26,Friday,False,False,0
2022-08-27,Saturday,True,False,0
2022-08-28,Sunday,True,False,1
2022-08-29,Monday,False,False,0
2022-08-30,Tuesday,False,False,0
2022-08-31,Wednesday,False,False,0
2022-09-01,Thursday,False,False,0
2022-09-02,Friday,False,False,0
2022-09-03,Saturday,True,False,0
2022-09-04,Sunday,True,False,0
2022-09-05,Monday,False,False,0
2022-09-06,Tuesday,False,False,0
2022-09-07,Wednesday,False,False,0
2022-09-08,Thursday,False,False,0
2022-09-09,Friday,False,False,0
2022-09-10,Saturday,True,False,0
2022-09-11,Sunday,True,False,0
2022-09-12,Monday,False,False,1
2022-09-13,Tuesday,False,False,0
2022-09-14,Wednesday,False,False,0
2022-09-15,Thursday,False,False,0
2022-09-16,Friday,False,False,0
2022-09-17,Saturday,True,False,1
2022-09-18,Sunday,True,False,0
2022-09-19,Monday,False,False,0
2022-09-20,Tuesday,False,False,1
2022-09-21,Wednesday,False,False,0
2022-09-22,Thursday,False,False,0
2022-09-23,Friday,False,False,0
2022-09-24,Saturday,True,False,0
2022-09-25,Sunday,True,False,0
2022-09-26,Monday,False,False,0
2022-09-27,Tuesday,False,False,0
2022-09-28,Wednesday,False,False,0
2022-09-29,Thursday,False,False,0
2022-09-30,Friday,False,False,0
2022-10-01,Saturday,True,False,0
2022-10-02,Sunday,True,False,0
2022-10-03,Monday,False,False,0
2022-10-04,Tuesday,False,False,0
2022-10-05,Wednesday,False,False,0
2022-10-06,Thursday,False,False,0
2022-10-07,Friday,False,False,0
2022-10-08,Saturday,True,False,0
2022-10-09,Sunday,True,False,0
2022-10-10,Monday,False,False,0
2022-10-11,Tuesday,False,False,0
2022-10-12,Wednesday,False,False,0
2022-10-13,Thursday,False,False,0
2022-10-14,Friday,False,False,0
2022-10-15,Saturday,True,False,0
2022-10-16,Sunday,True,False,0
2022-10-17,Monday,False,False,0
2022-10-18,Tuesday,False,False,0
2022-10-19,Wednesday,False,False,0
2022-10-20,Thursday,False,False,0
2022-10-21,Friday,False,False,0
2022-10-22,Saturday,True,False,0
2022-10-23,Sunday,True,False,0
2022-10-24,Monday,False,False,0
2022-10-25,Tuesday,False,False,0
2022-10-26,Wednesday,False,False,0
2022-10-27,Thursday,False,False,0
2022-10-28,Friday,False,False,0
2022-10-29,Saturday,True,False,0
2022-10-30,Sunday,True,False,0
2022-10-31,Monday,False,False,0
2022-11-01,Tuesday,False,False,0
2022-11-02,Wednesday,False,False,0
2022-11-03,Thursday,False,False,1
2022-11-04,Friday,False,False,0
2022-11-05,Saturday,True,False,0
2022-11-06,Sunday,True,False,0
2022-11-07,Monday,False,False,0
2022-11-08,Tuesday,False,False,0
2022-11-09,Wednesday,False,False,0
2022-11-10,Thursday,False,False,0
2022-11-11,Friday,False,False,1
2022-11-12,Saturday,True,False,0
2022-11-13,Sunday,True,False,0
2022-11-14,Monday,False,False,0
2022-11-15,Tuesday,False,False,0
2022-11-16,Wednesday,False,False,0
2022-11-17,Thursday,False,False,0
2022-11-18,Friday,False,False,1
2022-11-19,Saturday,True,False,0
2022-11-20,Sunday,True,False,0
2022-11-21,Monday,False,False,0
2022-11-22,Tuesday,False,False,0
2022-11-23,Wednesday,False,False,0
2022-11-24,Thursday,False,False,0
2022-11-25,Friday,False,False,1
2022-11-26,Saturday,True,False,0
2022-11-27,Sunday,True,False,0
2022-11-28,Monday,False,False,0
2022-11-29,Tuesday,False,False,0
2022-11-30,Wednesday,False,False,0
2022-12-01,Thursday,False,False,1
2022-12-02,Friday,False,False,0
2022-12-03,Saturday,True,False,0
2022-12-04,Sunday,True,False,0
2022-12-05,Monday,False,False,0
2022-12-06,Tuesday,False,False,0
2022-12-07,Wednesday,False,False,0
2022-12-08,Thursday,False,False,0
2022-12-09,Friday,False,False,0
2022-12-10,Saturday,True,False,0
2022-12-11,Sunday,True,False,0
2022-12-12,Monday,False,False,0
2022-12-13,Tuesday,False,False,0
2022-12-14,Wednesday,False,False,1
2022-12-15,Thursday,False,False,0
2022-12-16,Friday,False,False,0
2022-12-17,Saturday,True,False,1
2022-12-18,Sunday,True,False,0
2022-12-19,Monday,False,False,0
2022-12-20,Tuesday,False,False,0
2022-12-21,Wednesday,False,False,1
2022-12-22,Thursday,False,False,0
2022-12-23,Friday,False,False,0
2022-12-24,Saturday,True,False,0
2022-12-25,Sunday,True,True,0
2022-12-26,Monday,False,False,0
2022-12-27,Tuesday,False,False,0
2022-12-28,Wednesday,False,False,0
2022-12-29,Thursday,False,False,0
2022-12-30,Friday,False,False,0
2022-12-31,Saturday,True,False,0
2023-01-01,Sunday,True,False,0
2023-01-02,Monday,False,False,0
2023-01-03,Tuesday,False,False,1
2023-01-04,Wednesday,False,False,0
2023-01-05,Thursday,False,False,0
2023-01-06,Friday,False,False,0
2023-01-07,Saturday,True,False,0
2023-01-08,Sunday,True,False,0
2023-01-09,Monday,False,False,0
2023-01-10,Tuesday,False,False,0
2023-01-11,Wednesday,False,False,0
2023-01-12,Thursday,False,False,0
2023-01-13,Friday,False,False,0
2023-01-14,Saturday,True,False,0
2023-01-15,Sunday,True,False,0
2023-01-16,Monday,False,False,0
2023-01-17,Tuesday,False,False,0
2023-01-18,Wednesday,False,False,0
2023-01-19,Thursday,False,False,0
2023-01-20,Friday,False,False,0
2023-01-21,Saturday,True,False,0
2023-01-22,Sunday,True,False,0
2023-01-23,Monday,False,False,0
2023-01-24,Tuesday,False,False,0
2023-01-25,Wednesday,False,False,0
2023-01-26,Thursday,False,False,0
2023-01-27,Friday,False,False,0
2023-01-28,Saturday,True,False,0
2023-01-29,Sunday,True,False,0
2023-01-30,Monday,False,False,0
2023-01-31,Tuesday,False,False,0
2023-02-01,Wednesday,False,False,0
2023-02-02,Thursday,False,False,0
2023-02-03,Friday,False,False,0
2023-02-04,Saturday,True,False,0
2023-02-05,Sunday,True,False,0
2023-02-06,Monday,False,False,1
2023-02-07,Tuesday,False,False,0
2023-02-08,Wednesday,False,False,0
2023-02-09,Thursday,False,False,0
2023-02-10,Friday,False,False,0
2023-02-11,Saturday,True,False,0
2023-02-12,Sunday,True,False,0
2023-02-13,Monday,False,False,0
2023-02-14,Tuesday,False,False,0
2023-02-15,Wednesday,False,False,0
2023-02-16,Thursday,False,False,0
2023-02-17,Friday,False,False,0
2023-02-18,Saturday,True,False,0
2023-02-19,Sunday,True,False,0
2023-02-20,Monday,False,False,0
2023-02-21,Tuesday,False,False,0
2023-02-22,Wednesday,False,False,0
2023-02-23,Thursday,False,False,0
2023-02-24,Friday,False,False,0
2023-02-25,Saturday,True,False,0
2023-02-26,Sunday,True,False,0
2023-02-27,Monday,False,False,0
2023-02-28,Tuesday,False,False,0
2023-03-01,Wednesday,False,False,0
2023-03-02,Thursday,False,False,0
2023-03-03,Friday,False,False,0
2023-03-04,Saturday,True,False,0
2023-03-05,Sunday,True,False,0
2023-03-06,Monday,False,False,0
2023-03-07,Tuesday,False,False,0
2023-03-08,Wednesday,False,False,0
2023-03-09,Thursday,False,False,0
2023-03-10,Friday,False,False,0
2023-03-11,Saturday,True,False,0
2023-03-12,Sunday,True,False,0
2023-03-13,Monday,False,False,0
2023-03-14,Tuesday,False,False,0
2023-03-15,Wednesday,False,False,0
2023-03-16,Thursday,False,False,0
2023-03-17,Friday,False,False,1
2023-03-18,Saturday,True,False,0
2023-03-19,Sunday,True,False,0
2023-03-20,Monday,False,False,0
2023-03-21,Tuesday,False,False,0
2023-03-22,Wednesday,False,False,1
2023-03-23,Thursday,False,False,0
2023-03-24,Friday,False,False,0
2023-03-25,Saturday,True,False,0
2023-03-26,Sunday,True,False,0
2023-03-27,Monday,False,False,0
2023-03-28,Tuesday,False,False,0
2023-03-29,Wednesday,False,False,0
2023-03-30,Thursday,False,False,0
2023-03-31,Friday,False,False,0
2023-04-01,Saturday,True,False,0
2023-04-02,Sunday,True,False,0
2023-04-03,Monday,False,False,0
2023-04-04,Tuesday,False,False,0
2023-04-05,Wednesday,False,False,0
2023-04-06,Thursday,False,False,0
2023-04-07,Friday,False,False,0
2023-04-08,Saturday,True,False,0
2023-04-09,Sunday,True,False,0
2023-04-10,Monday,False,False,0
2023-04-11,Tuesday,False,False,0
2023-04-12,Wednesday,False,False,0
2023-04-13,Thursday,False,False,1
2023-04-14,Friday,False,False,0
2023-04-15,Saturday,True,False,0
2023-04-16,Sunday,True,False,0
2023-04-17,Monday,False,False,0
2023-04-18,Tuesday,False,False,0
2023-04-19,Wednesday,False,False,0
2023-04-20,Thursday,False,False,0
2023-04-21,Friday,False,False,0
2023-04-22,Saturday,True,False,0
2023-04-23,Sunday,True,False,0
2023-04-24,Monday,False,False,0
2023-04-25,Tuesday,False,False,1
2023-04-26,Wednesday,False,False,0
2023-04-27,Thursday,False,False,0
2023-04-28,Friday,False,False,0
2023-04-29,Saturday,True,False,0
2023-04-30,Sunday,True,False,0
2023-05-01,Monday,False,False,0
2023-05-02,Tuesday,False,False,0
2023-05-03,Wednesday,False,False,0
2023-05-04,Thursday,False,False,0
2023-05-05,Friday,False,False,0
2023-05-06,Saturday,True,False,0
2023-05-07,Sunday,True,False,0
2023-05-08,Monday,False,False,0
2023-05-09,Tuesday,False,False,1
2023-05-10,Wednesday,False,False,0
2023-05-11,Thursday,False,False,0
2023-05-12,Friday,False,False,0
2023-05-13,Saturday,True,False,0
2023-05-14,Sunday,True,False,0
2023-05-15,Monday,False,False,0
2023-05-16,Tuesday,False,False,0
2023-05-17,Wednesday,False,False,0
2023-05-18,Thursday,False,False,0
2023-05-19,Friday,False,False,0
2023-05-20,Saturday,True,False,0
2023-05-21,Sunday,True,False,0
2023-05-22,Monday,False,False,0
2023-05-23,Tuesday,False,False,0
2023-05-24,Wednesday,False,False,0
2023-05-25,Thursday,False,False,0
2023-05-26,Friday,False,False,0
2023-05-27,Saturday,True,False,0
2023-05-28,Sunday,True,False,0
2023-05-29,Monday,False,False,0
2023-05-30,Tuesday,False,False,0
2023-05-31,Wednesday,False,False,0
2023-06-01,Thursday,False,False,0
2023-06-02,Friday,False,False,1
2023-06-03,Saturday,True,False,0
2023-06-04,Sunday,True,False,0
2023-06-05,Monday,False,False,0
2023-06-06,Tuesday,False,False,0
2023-06-07,Wednesday,False,False,0
2023-06-08,Thursday,False,False,0
2023-06-09,Friday,False,False,0
2023-06-10,Saturday,True,False,0
2023-06-11,Sunday,True,False,0
2023-06-12,Monday,False,False,0
2023-06-13,Tuesday,False,False,1
2023-06-14,Wednesday,False,False,1
2023-06-15,Thursday,False,False,0
2023-06-16,Friday,False,False,0
2023-06-17,Saturday,True,False,1
2023-06-18,Sunday,True,False,0
2023-06-19,Monday,False,False,0
2023-06-20,Tuesday,False,False,0
2023-06-21,Wednesday,False,False,0
2023-06-22,Thursday,False,False,0
2023-06-23,Friday,False,False,0
2023-06-24,Saturday,True,False,0
2023-06-25,Sunday,True,False,0
2023-06-26,Monday,False,False,0
2023-06-27,Tuesday,False,False,0
2023-06-28,Wednesday,False,False,0
2023-06-29,Thursday,False,False,0
2023-06-30,Friday,False,False,0
2023-07-01,Saturday,True,False,0
2023-07-02,Sunday,True,False,0
2023-07-03,Monday,False,False,0
2023-07-04,Tuesday,False,True,0
2023-07-05,Wednesday,False,False,1
2023-07-06,Thursday,False,False,0
2023-07-07,Friday,False,False,0
2023-07-08,Saturday,True,False,0
2023-07-09,Sunday,True,False,0
2023-07-10,Monday,False,False,0
2023-07-11,Tuesday,False,False,0
2023-07-12,Wednesday,False,False,0
2023-07-13,Thursday,False,False,0
2023-07-14,Friday,False,False,0
2023-07-15,Saturday,True,False,0
2023-07-16,Sunday,True,False,0
2023-07-17,Monday,False,False,0
2023-07-18,Tuesday,False,False,0
2023-07-19,Wednesday,False,False,0
2023-07-20,Thursday,False,False,0
2023-07-21,Friday,False,False,0
2023-07-22,Saturday,True,False,0
2023-07-23,Sunday,True,False,0
2023-07-24,Monday,False,False,1
2023-07-25,Tuesday,False,False,0
2023-07-26,Wednesday,False,False,0
2023-07-27,Thursday,False,False,0
2023-07-28,Friday,False,False,0
2023-07-29,Saturday,True,False,1
2023-07-30,Sunday,True,False,0
2023-07-31,Monday,False,False,1
2023-08-01,Tuesday,False,False,0
2023-08-02,Wednesday,False,False,0
2023-08-03,Thursday,False,False,0
2023-08-04,Friday,False,False,0
2023-08-05,Saturday,True,False,0
2023-08-06,Sunday,True,False,0
2023-08-07,Monday,False,False,0
2023-08-08,Tuesday,False,False,0
2023-08-09,Wednesday,False,False,0
2023-08-10,Thursday,False,False,0
2023-08-11,Friday,False,False,0
2023-08-12,Saturday,True,False,0
2023-08-13,Sunday,True,False,0
2023-08-14,Monday,False,False,0
2023-08-15,Tuesday,False,False,0
2023-08-16,Wednesday,False,False,0
2023-08-17,Thursday,False,False,1
2023-08-18,Friday,False,False,0
2023-08-19,Saturday,True,False,0
2023-08-20,Sunday,True,False,0
2023-08-21,Monday,False,False,0
2023-08-22,Tuesday,False,False,0
2023-08-23,Wednesday,False,False,0
2023-08-24,Thursday,False,False,0
2023-08-25,Friday,False,False,0
2023-08-26,Saturday,True,False,0
2023-08-27,Sunday,True,False,0
2023-08-28,Monday,False,False,0
2023-08-29,Tuesday,False,False,1
2023-08-30,Wednesday,False,False,0
2023-08-31,Thursday,False,False,1
2023-09-01,Friday,False,False,0
2023-09-02,Saturday,True,False,0
2023-09-03,Sunday,True,False,0
2023-09-04,Monday,False,False,0
2023-09-05,Tuesday,False,False,0
2023-09-06,Wednesday,False,False,0
2023-09-07,Thursday,False,False,1
2023-09-08,Friday,False,False,1
2023-09-09,Saturday,True,False,0
2023-09-10,Sunday,True,False,0
2023-09-11,Monday,False,False,0
2023-09-12,Tuesday,False,False,1
2023-09-13,Wednesday,False,False,0
2023-09-14,Thursday,False,False,0
2023-09-15,Friday,False,False,0
2023-09-16,Saturday,True,False,0
2023-09-17,Sunday,True,False,0
2023-09-18,Monday,False,False,0
2023-09-19,Tuesday,False,False,0
2023-09-20,Wednesday,False,False,0
2023-09-21,Thursday,False,False,0
2023-09-22,Friday,False,False,0
2023-09-23,Saturday,True,False,1
2023-09-24,Sunday,True,False,1
2023-09-25,Monday,False,False,1
2023-09-26,Tuesday,False,False,0
2023-09-27,Wednesday,False,False,0
2023-09-28,Thursday,False,False,1
2023-09-29,Friday,False,False,1
2023-09-30,Saturday,True,False,0
2023-10-01,Sunday,True,False,0
2023-10-02,Monday,False,False,0
2023-10-03,Tuesday,False,False,1
2023-10-04,Wednesday,False,False,0
2023-10-05,Thursday,False,False,0
2023-10-06,Friday,False,False,0
2023-10-07,Saturday,True,False,1
2023-10-08,Sunday,True,False,0
2023-10-09,Monday,False,False,0
2023-10-10,Tuesday,False,False,0
2023-10-11,Wednesday,False,False,0
2023-10-12,Thursday,False,False,0
2023-10-13,Friday,False,False,0
2023-10-14,Saturday,True,False,0
2023-10-15,Sunday,True,False,0
2023-10-16,Monday,False,False,0
2023-10-17,Tuesday,False,False,0
2023-10-18,Wednesday,False,False,1
2023-10-19,Thursday,False,False,0
2023-10-20,Friday,False,False,0
2023-10-21,Saturday,True,False,0
2023-10-22,Sunday,True,False,0
2023-10-23,Monday,False,False,0
2023-10-24,Tuesday,False,False,0
2023-10-25,Wednesday,False,False,0
2023-10-26,Thursday,False,False,0
2023-10-27,Friday,False,False,0
2023-10-28,Saturday,True,False,0
2023-10-29,Sunday,True,False,0
2023-10-30,Monday,False,False,0
2023-10-31,Tuesday,False,False,1
2023-11-01,Wednesday,False,False,1
2023-11-02,Thursday,False,False,0
2023-11-03,Friday,False,False,0
2023-11-04,Saturday,True,False,0
2023-11-05,Sunday,True,False,0
2023-11-06,Monday,False,False,1
2023-11-07,Tuesday,False,False,0
2023-11-08,Wednesday,False,False,0
2023-11-09,Thursday,False,False,0
2023-11-10,Friday,False,False,0
2023-11-11,Saturday,True,False,0
2023-11-12,Sunday,True,False,0
2023-11-13,Monday,False,False,1
2023-11-14,Tuesday,False,False,0
2023-11-15,Wednesday,False,False,0
2023-11-16,Thursday,False,False,0
2023-11-17,Friday,False,False,0
2023-11-18,Saturday,True,False,0
2023-11-19,Sunday,True,False,0
2023-11-20,Monday,False,False,0
2023-11-21,Tuesday,False,False,0
2023-11-22,Wednesday,False,False,0
2023-11-23,Thursday,False,False,0
2023-11-24,Friday,False,False,0
2023-11-25,Saturday,True,False,0
2023-11-26,Sunday,True,False,0
2023-11-27,Monday,False,False,0
2023-11-28,Tuesday,False,False,0
2023-11-29,Wednesday,False,False,0
2023-11-30,Thursday,False,False,0
2023-12-01,Friday,False,False,0
2023-12-02,Saturday,True,False,0
2023-12-03,Sunday,True,False,0
2023-12-04,Monday,False,False,0
2023-12-05,Tuesday,False,False,0
2023-12-06,Wednesday,False,False,0
2023-12-07,Thursday,False,False,0
2023-12-08,Friday,False,False,0
2023-12-09,Saturday,True,False,0
2023-12-10,Sunday,True,False,0
2023-12-11,Monday,False,False,0
2023-12-12,Tuesday,False,False,0
2023-12-13,Wednesday,False,False,0
2023-12-14,Thursday,False,False,0
2023-12-15,Friday,False,False,0
2023-12-16,Saturday,True,False,0
2023-12-17,Sunday,True,False,0
2023-12-18,Monday,False,False,0
2023-12-19,Tuesday,False,False,1
2023-12-20,Wednesday,False,False,0
2023-12-21,Thursday,False,False,0
2023-12-22,Friday,False,False,0
2023-12-23,Saturday,True,False,0
2023-12-24,Sunday,True,False,0
2023-12-25,Monday,False,False,0
2023-12-26,Tuesday,False,False,0
2023-12-27,Wednesday,False,False,0
2023-12-28,Thursday,False,False,1
2023-12-29,Friday,False,False,0
2023-12-30,Saturday,True,False,0
2023-12-31,Sunday,True,False,0
